0,1,2,3,4,5,6,7,8,9,10,11,12,13,14,15,16,17,18,19,20,21,22,23,24,25,26,27,28,29,30,31,32,33,34,35,36,37,38,39,40,41,label
0.8115357160568237,0.6140915751457214,0.7555530071258545,0.6018008589744568,0.6935328841209412,0.5558091998100281,0.6530174016952515,0.5159819722175598,0.6186559200286865,0.4827713966369629,0.7108895182609558,0.45250433683395386,0.6720543503761292,0.4277859926223755,0.6409666538238525,0.43223488330841064,0.6184380650520325,0.44864311814308167,0.7379034757614136,0.43124502897262573,0.6904529929161072,0.4387523829936981,0.7065716981887817,0.5135065913200378,0.7271987795829773,0.5405205488204956,0.7706323266029358,0.4244180917739868,0.7257450222969055,0.4515697658061981,0.7442296743392944,0.516144335269928,0.7646540999412537,0.5292029976844788,0.8060227632522583,0.4300399422645569,0.7618604898452759,0.45641911029815674,0.7692713141441345,0.5055371522903442,0.7860729098320007,0.5133854150772095,increase_vol
0.8034364581108093,0.586248517036438,0.7451081275939941,0.5585798025131226,0.692317545413971,0.4974074363708496,0.664689302444458,0.44076940417289734,0.6430935859680176,0.39091798663139343,0.7257928848266602,0.4265337586402893,0.7005909085273743,0.3817337453365326,0.670160174369812,0.36397820711135864,0.6433984637260437,0.3558019995689392,0.7512900829315186,0.4170522093772888,0.7148672342300415,0.38254591822624207,0.7159290909767151,0.45275548100471497,0.7284172773361206,0.4926559329032898,0.7827844619750977,0.41555845737457275,0.7449144721031189,0.3916195333003998,0.7503120303153992,0.46287816762924194,0.7665491104125977,0.4984869360923767,0.8198831081390381,0.42118221521377563,0.7805643081665039,0.39828988909721375,0.7760408520698547,0.44719791412353516,0.7877025008201599,0.4746033847332001,increase_vol
0.753343939781189,0.5390961766242981,0.6942792534828186,0.5257278084754944,0.629603922367096,0.47238728404045105,0.5905070900917053,0.4201362431049347,0.5576333403587341,0.3779394030570984,0.6515451073646545,0.3873281180858612,0.6166399717330933,0.34386056661605835,0.5817276239395142,0.3377378582954407,0.553540825843811,0.3439035713672638,0.6783939599990845,0.3704558312892914,0.6339845061302185,0.3518652021884918,0.6470116376876831,0.42902082204818726,0.6666086316108704,0.46177971363067627,0.7120811939239502,0.3625637888908386,0.6688507795333862,0.3624188303947449,0.6863730549812317,0.4350959062576294,0.7080141305923462,0.4585489332675934,0.7507078051567078,0.3622647225856781,0.7049111723899841,0.36219504475593567,0.7104161977767944,0.4150213599205017,0.7288459539413452,0.4320099651813507,increase_vol
0.7215002775192261,0.5816903710365295,0.6705746054649353,0.5682328343391418,0.6180415749549866,0.5200655460357666,0.5869030356407166,0.47264063358306885,0.5614150762557983,0.4332740008831024,0.6413451433181763,0.4510846436023712,0.6131235957145691,0.40850311517715454,0.5832971334457397,0.40053778886795044,0.5579583048820496,0.403071790933609,0.6638489365577698,0.4393889009952545,0.6271049380302429,0.41770967841148376,0.6358681321144104,0.48099568486213684,0.6516579389572144,0.5109232068061829,0.6915472745895386,0.43480610847473145,0.6543340682983398,0.42531856894493103,0.6674801111221313,0.4877375364303589,0.6857205033302307,0.5126438736915588,0.7233534455299377,0.435901403427124,0.684163510799408,0.4277021884918213,0.6873195171356201,0.4735701084136963,0.7024892568588257,0.4931938946247101,increase_vol
0.8011007905006409,0.5170915126800537,0.7249535322189331,0.4888368546962738,0.6459915637969971,0.41272592544555664,0.5930967926979065,0.3488144278526306,0.5449216365814209,0.29417166113853455,0.6842453479766846,0.2728945016860962,0.6299558877944946,0.22771285474300385,0.5790920853614807,0.23160548508167267,0.5373720526695251,0.24982477724552155,0.7226481437683105,0.24965038895606995,0.6472612619400024,0.25766661763191223,0.6656697392463684,0.3630492091178894,0.6959337592124939,0.394857257604599,0.7649819850921631,0.24334701895713806,0.6878114938735962,0.2713283598423004,0.7119284868240356,0.3654572069644928,0.7448756694793701,0.38383302092552185,0.8093231916427612,0.25182244181632996,0.7336230278015137,0.2738003134727478,0.7419217824935913,0.34341204166412354,0.7700828313827515,0.3585779368877411,increase_vol
0.7866106629371643,0.5059632658958435,0.6896874904632568,0.470255583524704,0.5961610078811646,0.3909793794155121,0.5286906957626343,0.3248611092567444,0.466159850358963,0.26729750633239746,0.6362850666046143,0.220806285738945,0.5674554109573364,0.18089687824249268,0.5075045824050903,0.19049614667892456,0.45801740884780884,0.21293342113494873,0.6775562763214111,0.18990276753902435,0.584236741065979,0.21889843046665192,0.6138138175010681,0.3373624086380005,0.6519418954849243,0.36692771315574646,0.7235308885574341,0.17849698662757874,0.6295791268348694,0.22978061437606812,0.6673954725265503,0.3334604501724243,0.7088217735290527,0.34736934304237366,0.7724786400794983,0.18541888892650604,0.6813482046127319,0.22852787375450134,0.700780987739563,0.30608442425727844,0.7377787828445435,0.3157128691673279,increase_vol
0.6549186110496521,0.4996284544467926,0.559668779373169,0.463692843914032,0.4724034368991852,0.38815057277679443,0.4124293923377991,0.32566317915916443,0.3504243493080139,0.27132144570350647,0.5166492462158203,0.23225301504135132,0.4464150667190552,0.18780121207237244,0.3836643695831299,0.20119354128837585,0.3320697546005249,0.2295876145362854,0.5497507452964783,0.20746909081935883,0.45180216431617737,0.235616073012352,0.48547235131263733,0.3472371995449066,0.5258609056472778,0.37326478958129883,0.5868222117424011,0.19369174540042877,0.4843735098838806,0.23884813487529755,0.5281515717506409,0.33646491169929504,0.5720386505126953,0.3474799394607544,0.6287245750427246,0.19505706429481506,0.5330817699432373,0.23639622330665588,0.5585570931434631,0.30746346712112427,0.5983598828315735,0.312613308429718,increase_vol
0.6281936764717102,0.47473955154418945,0.524917483329773,0.4359334707260132,0.43546462059020996,0.3586258590221405,0.3745945692062378,0.29234981536865234,0.3102436661720276,0.23508554697036743,0.48792561888694763,0.1994740068912506,0.415719598531723,0.15646018087863922,0.3497387766838074,0.16516518592834473,0.2940354347229004,0.18732495605945587,0.5191451907157898,0.175969660282135,0.41883569955825806,0.1995134800672531,0.45296406745910645,0.31643146276474,0.4968467652797699,0.34750819206237793,0.5546004772186279,0.16182248294353485,0.44709035754203796,0.20370715856552124,0.4921187460422516,0.3069353699684143,0.5414190292358398,0.320020854473114,0.5954416394233704,0.162482351064682,0.4945088326931,0.19819429516792297,0.5200271010398865,0.2736186683177948,0.5638629198074341,0.2808404564857483,increase_vol
0.6593316793441772,0.48955434560775757,0.5926249027252197,0.46977531909942627,0.5289137363433838,0.413118839263916,0.4849580228328705,0.3636340796947479,0.43956705927848816,0.32542678713798523,0.5624282956123352,0.3030143976211548,0.5147172212600708,0.2656834125518799,0.4668886661529541,0.2709013521671295,0.4270467460155487,0.28636014461517334,0.5866371393203735,0.2845441997051239,0.5203702449798584,0.292282372713089,0.5401105284690857,0.3759273886680603,0.5684431195259094,0.4009455144405365,0.614495038986206,0.2746410071849823,0.5432873368263245,0.29449954628944397,0.5715889930725098,0.371814489364624,0.6042987108230591,0.38711872696876526,0.6458762288093567,0.2751198410987854,0.5780596733093262,0.29568856954574585,0.5936656594276428,0.35277801752090454,0.6226469278335571,0.36264902353286743,increase_vol
0.710439145565033,0.42203640937805176,0.6268135905265808,0.38369888067245483,0.5516926646232605,0.30302944779396057,0.5016337037086487,0.23295311629772186,0.4497711658477783,0.17524287104606628,0.5970937013626099,0.17301227152347565,0.5445272922515869,0.11731381714344025,0.4876251220703125,0.11725251376628876,0.44011980295181274,0.1281600296497345,0.6296196579933167,0.1524866670370102,0.5472882986068726,0.1492983102798462,0.566561222076416,0.26166659593582153,0.6015130877494812,0.2940292954444885,0.667210042476654,0.1420849710702896,0.5812041163444519,0.15521550178527832,0.6098147630691528,0.2596069276332855,0.6498280167579651,0.27949222922325134,0.7100472450256348,0.14305078983306885,0.6260408759117126,0.15331362187862396,0.6390694975852966,0.23019032180309296,0.6737996935844421,0.24692277610301971,increase_vol
0.5865098237991333,0.5461525917053223,0.5244889259338379,0.5255002379417419,0.464264452457428,0.4701797068119049,0.4229828119277954,0.4248233735561371,0.3805842995643616,0.3901840150356293,0.50006103515625,0.3691273331642151,0.45546841621398926,0.3369538187980652,0.4114457070827484,0.34403008222579956,0.37423431873321533,0.36037033796310425,0.5227105021476746,0.35124361515045166,0.4594873785972595,0.3590150773525238,0.47682783007621765,0.4373587667942047,0.5029762387275696,0.46634641289711,0.5476464033126831,0.3431490659713745,0.47760629653930664,0.3669666647911072,0.5040140748023987,0.44014811515808105,0.5346472859382629,0.45910075306892395,0.5749853849411011,0.3460753858089447,0.5073015689849854,0.37141701579093933,0.5225279927253723,0.4227505028247833,0.5499608516693115,0.43213942646980286,increase_vol
0.6136497855186462,0.7254081964492798,0.5417028665542603,0.6898363828659058,0.4863739013671875,0.6328802108764648,0.44517672061920166,0.5925763845443726,0.40142273902893066,0.5616063475608826,0.5267137289047241,0.5184383988380432,0.469982385635376,0.5013859272003174,0.4268508553504944,0.5145933628082275,0.38981199264526367,0.5347725749015808,0.5485342144966125,0.5031642913818359,0.472576379776001,0.531718909740448,0.4916734993457794,0.6028675436973572,0.5174592137336731,0.6261182427406311,0.5682970881462097,0.503411054611206,0.4908997416496277,0.5480663776397705,0.5169975757598877,0.6116953492164612,0.5448625683784485,0.6262326836585999,0.5859745144844055,0.520596981048584,0.5185756087303162,0.5584176778793335,0.5320583581924438,0.603727400302887,0.5545476675033569,0.6125975251197815,increase_vol
0.6415725350379944,0.6091459393501282,0.598724365234375,0.5883683562278748,0.5644391775131226,0.5534095168113708,0.5402897000312805,0.5269865989685059,0.5158982872962952,0.5026524066925049,0.5925671458244324,0.4837648570537567,0.56020188331604,0.46951815485954285,0.5329883098602295,0.47512784600257874,0.5105823874473572,0.48664045333862305,0.6072134971618652,0.4747825860977173,0.5616835951805115,0.4907584488391876,0.5715112686157227,0.5344646573066711,0.5881062746047974,0.5463644862174988,0.6202515959739685,0.4749642610549927,0.5713595747947693,0.498371422290802,0.5854337215423584,0.5374084115028381,0.6036581993103027,0.5439350008964539,0.6317513585090637,0.48441949486732483,0.5863458514213562,0.5049833059310913,0.5940560698509216,0.5337550640106201,0.6098034381866455,0.5385303497314453,increase_vol
0.6539657711982727,0.5911403894424438,0.5081074833869934,0.47347623109817505,0.40647071599960327,0.3448009192943573,0.3367663621902466,0.2568713128566742,0.2611207067966461,0.16572758555412292,0.5271472334861755,0.15022462606430054,0.4165392220020294,0.0827919989824295,0.3217200040817261,0.0857580304145813,0.2378709316253662,0.10682667791843414,0.5688916444778442,0.13027971982955933,0.4036259651184082,0.1487264335155487,0.43216854333877563,0.30970239639282227,0.48924943804740906,0.3609377145767212,0.6028560996055603,0.12435461580753326,0.42249730229377747,0.17118412256240845,0.47024765610694885,0.3196267783641815,0.538929283618927,0.34639671444892883,0.6297861337661743,0.14346861839294434,0.4658498466014862,0.19012002646923065,0.49481654167175293,0.2985997796058655,0.557011604309082,0.3157668113708496,increase_vol
0.5991566777229309,0.5921496152877808,0.4906151294708252,0.5088533163070679,0.4189138114452362,0.42385298013687134,0.3663738965988159,0.3673974871635437,0.3103707432746887,0.3133268654346466,0.5093200206756592,0.2804170250892639,0.42131295800209045,0.24691350758075714,0.3581933081150055,0.2579144835472107,0.30355221033096313,0.27784404158592224,0.5364220142364502,0.2693548798561096,0.4127489924430847,0.2985697388648987,0.43007853627204895,0.40259850025177,0.4653374254703522,0.4452252984046936,0.5551959872245789,0.2730284035205841,0.4249938428401947,0.31960204243659973,0.45725998282432556,0.41630908846855164,0.5007576942443848,0.44069620966911316,0.5668527483940125,0.29647281765937805,0.4548095166683197,0.3315240740776062,0.474757581949234,0.40014806389808655,0.5140615105628967,0.4136284291744232,increase_vol
0.5350316166877747,0.6605100631713867,0.44047942757606506,0.596097469329834,0.38464730978012085,0.5335760116577148,0.3336103558540344,0.49981391429901123,0.28076767921447754,0.47182393074035645,0.4562014639377594,0.38776084780693054,0.3530537486076355,0.40116745233535767,0.2952215075492859,0.4309026598930359,0.2524109184741974,0.45597609877586365,0.4617050886154175,0.3876102864742279,0.3481884300708771,0.45843690633773804,0.3770112991333008,0.52656489610672,0.41422852873802185,0.5485152006149292,0.4555121958255768,0.4112028181552887,0.34676235914230347,0.4917696714401245,0.3845137655735016,0.5551248788833618,0.4243471920490265,0.56440269947052,0.442886084318161,0.4462733864784241,0.3609173893928528,0.5172011852264404,0.3860604465007782,0.5658007264137268,0.4164689779281616,0.5718901753425598,increase_vol
0.7972481846809387,0.5114095211029053,0.7266119718551636,0.46528786420822144,0.6710925698280334,0.3981263339519501,0.6318529844284058,0.3482075035572052,0.5919036269187927,0.3055613040924072,0.7255306839942932,0.27398377656936646,0.6665001511573792,0.2420828491449356,0.6244451403617859,0.25441473722457886,0.5935348272323608,0.2771111726760864,0.757671058177948,0.2629678547382355,0.6767839789390564,0.29661715030670166,0.6882216334342957,0.37552595138549805,0.7138063907623291,0.39515411853790283,0.7866203784942627,0.2712836265563965,0.7037794589996338,0.31536000967025757,0.7210912704467773,0.3835556209087372,0.7478281855583191,0.39362648129463196,0.811984121799469,0.2951919436454773,0.7399492859840393,0.3246687650680542,0.7450511455535889,0.37418586015701294,0.7660416960716248,0.3840065598487854,increase_vol
0.786029040813446,0.601431667804718,0.7235232591629028,0.6141132116317749,0.6494870781898499,0.6022825837135315,0.5925940275192261,0.600339949131012,0.5489305257797241,0.598788321018219,0.6508628129959106,0.4456695318222046,0.6235307455062866,0.35925114154815674,0.5975751876831055,0.3253631591796875,0.5726224780082703,0.30834412574768066,0.6864804029464722,0.4169706404209137,0.6403866410255432,0.4181321859359741,0.6546976566314697,0.4893004298210144,0.6728459596633911,0.5235607028007507,0.7265422940254211,0.4067666232585907,0.6968355774879456,0.4454069435596466,0.7172117829322815,0.5124504566192627,0.7323150634765625,0.5321030616760254,0.7690891623497009,0.40574243664741516,0.7401652336120605,0.4348829388618469,0.7462852001190186,0.49101048707962036,0.7553697228431702,0.508048951625824,decrease_vol
0.8097095489501953,0.5678310990333557,0.742975652217865,0.5597480535507202,0.671727180480957,0.5173529982566833,0.6162338256835938,0.48136278986930847,0.5760444402694702,0.4554278552532196,0.7082654237747192,0.3783029317855835,0.6998691558837891,0.2769179344177246,0.6843404173851013,0.22585627436637878,0.6673836708068848,0.1886657327413559,0.7471346855163574,0.3685166835784912,0.7069514393806458,0.32044583559036255,0.7013919353485107,0.39770635962486267,0.7081912755966187,0.4463162422180176,0.7877935171127319,0.3718259334564209,0.7590534090995789,0.3616178631782532,0.761578381061554,0.44156235456466675,0.7693259716033936,0.4771767258644104,0.8321343064308167,0.38162440061569214,0.8052567839622498,0.36633700132369995,0.7978099584579468,0.4253886044025421,0.8004557490348816,0.4530723989009857,decrease_vol
0.7699620127677917,0.5322094559669495,0.6898444294929504,0.5333558917045593,0.6027166247367859,0.502147376537323,0.5323128700256348,0.47824469208717346,0.4786674380302429,0.4630073606967926,0.6289933919906616,0.3221639394760132,0.6071062684059143,0.2111765444278717,0.5807924270629883,0.158082515001297,0.5542393922805786,0.11980986595153809,0.673139214515686,0.3014867603778839,0.6151825189590454,0.2701284885406494,0.6159456968307495,0.35302412509918213,0.6301635503768921,0.4047013223171234,0.7195338606834412,0.30011042952537537,0.6788185238838196,0.3116350471973419,0.691472589969635,0.398706316947937,0.7076578140258789,0.4401780962944031,0.7695435881614685,0.30709224939346313,0.729607105255127,0.3103877902030945,0.727796196937561,0.3770415782928467,0.7375087738037109,0.41140490770339966,decrease_vol
0.68626469373703,0.5788174271583557,0.6215264201164246,0.5830749869346619,0.5511552691459656,0.5574053525924683,0.49286508560180664,0.5398313403129578,0.447273850440979,0.531818151473999,0.5743906497955322,0.40437257289886475,0.55774986743927,0.31446725130081177,0.5296680927276611,0.2754136919975281,0.5051752328872681,0.25438618659973145,0.6070457100868225,0.38693737983703613,0.5470671057701111,0.37228748202323914,0.5480098128318787,0.4504563510417938,0.5640523433685303,0.4917437732219696,0.641633927822113,0.3844800293445587,0.595774233341217,0.41284364461898804,0.6132965087890625,0.48370158672332764,0.634170651435852,0.5069209337234497,0.678220808506012,0.38963305950164795,0.6354755759239197,0.41495054960250854,0.6428343057632446,0.4682736396789551,0.6595587134361267,0.48247668147087097,decrease_vol
0.6658523082733154,0.6019273996353149,0.6107213497161865,0.6092948317527771,0.5506473779678345,0.5872108936309814,0.5011348724365234,0.5670799016952515,0.46395111083984375,0.5564125776290894,0.5709443092346191,0.4627033472061157,0.558761715888977,0.38621944189071655,0.5382412672042847,0.3517695367336273,0.5202876329421997,0.33037829399108887,0.598090410232544,0.4469158947467804,0.5489305853843689,0.4231584370136261,0.5523457527160645,0.4869031012058258,0.5681329965591431,0.5231142640113831,0.6270335912704468,0.4425338804721832,0.5929310917854309,0.4570395052433014,0.6067346930503845,0.5193198919296265,0.6228824257850647,0.5441686511039734,0.6591619253158569,0.4432907700538635,0.6265539526939392,0.45835185050964355,0.6297972202301025,0.5084745287895203,0.6400372385978699,0.5285680294036865,decrease_vol
0.8311862945556641,0.5835506916046143,0.7628951668739319,0.5728864669799805,0.6878255605697632,0.5289208292961121,0.6293242573738098,0.49213990569114685,0.5868109464645386,0.46278899908065796,0.7196713089942932,0.3806701600551605,0.7061337828636169,0.2766268253326416,0.6887112855911255,0.22348207235336304,0.6708735823631287,0.18333207070827484,0.7602731585502625,0.36901021003723145,0.7175406813621521,0.3181380331516266,0.7140237092971802,0.3998097777366638,0.7223677635192871,0.4482564330101013,0.8037936091423035,0.37246468663215637,0.7761332988739014,0.36649268865585327,0.7809048891067505,0.4493177831172943,0.7899096608161926,0.48219195008277893,0.8514529466629028,0.3836863934993744,0.8265672326087952,0.36955833435058594,0.8196229934692383,0.43128424882888794,0.8223783373832703,0.4581454396247864,decrease_vol
0.8651867508888245,0.6191642880439758,0.7852653861045837,0.6096989512443542,0.6952359676361084,0.561715841293335,0.6263571977615356,0.5238586068153381,0.5741903185844421,0.4964485764503479,0.7302919626235962,0.3844991624355316,0.7078044414520264,0.2626262605190277,0.6852000951766968,0.20330853760242462,0.6632732152938843,0.15889015793800354,0.7765297889709473,0.36633580923080444,0.7210900187492371,0.310156911611557,0.7153639793395996,0.4007732570171356,0.7238284945487976,0.4621308445930481,0.8262857794761658,0.3669041693210602,0.7898638844490051,0.37212899327278137,0.7961965203285217,0.4682375192642212,0.8060741424560547,0.5126320123672485,0.8805440664291382,0.37658119201660156,0.8476146459579468,0.37709736824035645,0.8427549004554749,0.44950321316719055,0.8477867245674133,0.48193246126174927,decrease_vol
0.5971930027008057,0.6095728278160095,0.5407884120941162,0.6092701554298401,0.4820600748062134,0.5778681039810181,0.43294399976730347,0.5524114370346069,0.3949393630027771,0.5393407344818115,0.513522744178772,0.4581805169582367,0.5071296095848083,0.3794441819190979,0.4854212999343872,0.34382686018943787,0.4652993977069855,0.32399246096611023,0.5412828326225281,0.44732823967933655,0.49207010865211487,0.42010119557380676,0.48942822217941284,0.48466765880584717,0.502195417881012,0.5192602872848511,0.5697488784790039,0.44789668917655945,0.5301438570022583,0.46190500259399414,0.5409809350967407,0.5220875144004822,0.5576611161231995,0.5404476523399353,0.5993907451629639,0.45419150590896606,0.564533531665802,0.46844494342803955,0.5681523084640503,0.5099771618843079,0.5820972919464111,0.5193197727203369,decrease_vol
0.6146776676177979,0.6445739269256592,0.5675756931304932,0.6420251727104187,0.5191219449043274,0.6154254674911499,0.48010173439979553,0.5931105017662048,0.4504746198654175,0.5805731415748596,0.546289324760437,0.5110142827033997,0.5401935577392578,0.44449761509895325,0.5222784280776978,0.4152865707874298,0.506250262260437,0.39902016520500183,0.5706071257591248,0.5004509687423706,0.5258340835571289,0.48216351866722107,0.5231266617774963,0.5379095673561096,0.5338398814201355,0.5678900480270386,0.5946163535118103,0.5007877349853516,0.5578339695930481,0.5174739360809326,0.5655947327613831,0.568766713142395,0.5790496468544006,0.5868726372718811,0.6194682121276855,0.5069478750228882,0.5874232053756714,0.5241395831108093,0.5877799987792969,0.5630109906196594,0.5968042016029358,0.5761463642120361,decrease_vol
0.7558128237724304,0.511415421962738,0.7067365646362305,0.5077036023139954,0.6526421308517456,0.48237520456314087,0.6120275855064392,0.4558122158050537,0.5833995342254639,0.43166548013687134,0.67014479637146,0.36917486786842346,0.6555070281028748,0.29086068272590637,0.640392541885376,0.25183719396591187,0.6251039505004883,0.22362031042575836,0.6993497014045715,0.3616347312927246,0.665506899356842,0.3202788829803467,0.6645946502685547,0.3746456801891327,0.6721984148025513,0.4124405086040497,0.7305675148963928,0.3633286654949188,0.7118380069732666,0.35436099767684937,0.7172690033912659,0.4124295711517334,0.7246086597442627,0.44054114818573,0.7653266191482544,0.36893656849861145,0.7486867308616638,0.3504299223423004,0.7458752393722534,0.39108848571777344,0.7487874627113342,0.41297248005867004,decrease_vol
0.8525636792182922,0.6169538497924805,0.7739007472991943,0.6054153442382812,0.6862766742706299,0.5586634278297424,0.6168375015258789,0.5352022051811218,0.5651730298995972,0.5210696458816528,0.7176312208175659,0.37083500623703003,0.7006828784942627,0.25562816858291626,0.676138699054718,0.19982071220874786,0.6482405066490173,0.1654735505580902,0.7681083679199219,0.3449694514274597,0.7057845592498779,0.3468759059906006,0.7057651281356812,0.43719446659088135,0.7181204557418823,0.4866546392440796,0.8203679323196411,0.3495161533355713,0.7708369493484497,0.40111044049263,0.7818008661270142,0.4850219488143921,0.7963564395904541,0.5129717588424683,0.8729863166809082,0.36952680349349976,0.8297654390335083,0.4079075753688812,0.8241312503814697,0.47287440299987793,0.8305543661117554,0.494676798582077,decrease_vol
0.6670849323272705,0.5457755327224731,0.5956661701202393,0.541223406791687,0.5230221748352051,0.5034962296485901,0.4647967517375946,0.47968339920043945,0.4173538386821747,0.46853047609329224,0.5569117069244385,0.3488703668117523,0.5407641530036926,0.2566218376159668,0.5111702084541321,0.2170862853527069,0.48435479402542114,0.19600063562393188,0.5907337665557861,0.3340560793876648,0.5207582116127014,0.32095465064048767,0.5220410823822021,0.40687495470046997,0.5405463576316833,0.4403703808784485,0.6243630647659302,0.3364133834838867,0.56600421667099,0.3739857077598572,0.5836116671562195,0.4442800283432007,0.6075043678283691,0.4521090090274811,0.657364010810852,0.34641867876052856,0.60647052526474,0.3859745264053345,0.616348147392273,0.4374758005142212,0.6380605101585388,0.4374571442604065,decrease_vol
0.6533604860305786,0.5036716461181641,0.5812013745307922,0.4980451762676239,0.5090591907501221,0.46431809663772583,0.45031458139419556,0.44400331377983093,0.40107429027557373,0.4324628412723541,0.5407763719558716,0.3037155866622925,0.5231930017471313,0.21236050128936768,0.49223992228507996,0.17155148088932037,0.4624336361885071,0.15045654773712158,0.5746629238128662,0.28618040680885315,0.5057240724563599,0.28099578619003296,0.509991466999054,0.36798152327537537,0.528960108757019,0.4019607603549957,0.6095353960990906,0.28739243745803833,0.5518789887428284,0.32549384236335754,0.5706868171691895,0.400007963180542,0.5943782329559326,0.412353515625,0.6443500518798828,0.2981736660003662,0.5936316251754761,0.3362180292606354,0.6032257676124573,0.39136260747909546,0.6251118779182434,0.394218385219574,decrease_vol
0.6172094345092773,0.5036674737930298,0.5599240660667419,0.5060732364654541,0.4979426860809326,0.4798378050327301,0.4492208957672119,0.4594462811946869,0.41171473264694214,0.4495307505130768,0.5264200568199158,0.3477307856082916,0.5117657780647278,0.2733696699142456,0.48712897300720215,0.23932835459709167,0.4649454653263092,0.21975688636302948,0.5530780553817749,0.33359402418136597,0.49632495641708374,0.31934475898742676,0.49929186701774597,0.39053961634635925,0.5159595012664795,0.42465588450431824,0.5806077718734741,0.33159396052360535,0.5337168574333191,0.35379230976104736,0.5487487316131592,0.4182938039302826,0.5679394006729126,0.4355882406234741,0.6091345548629761,0.33687782287597656,0.5659072995185852,0.3615573048591614,0.574209451675415,0.40926676988601685,0.592333972454071,0.4180651903152466,decrease_vol
0.6960861086845398,0.4766775071620941,0.6366240978240967,0.4881579279899597,0.5644993185997009,0.4610738158226013,0.5069010257720947,0.43982619047164917,0.46379292011260986,0.42836445569992065,0.5904982089996338,0.30770593881607056,0.5714237093925476,0.22108519077301025,0.542892336845398,0.1789340376853943,0.5170337557792664,0.1529739797115326,0.623860776424408,0.28668078780174255,0.5634920001029968,0.2713087201118469,0.5696231722831726,0.3498672544956207,0.5900008082389832,0.38618189096450806,0.6597766876220703,0.2821825444698334,0.6118761897087097,0.3065676689147949,0.625346302986145,0.38087812066078186,0.6454620957374573,0.40509212017059326,0.6968644261360168,0.28874194622039795,0.6529197096824646,0.3147822618484497,0.6577504873275757,0.37025168538093567,0.6746054887771606,0.3878941237926483,decrease_vol
0.6036356687545776,0.5684024691581726,0.5545657277107239,0.5803027153015137,0.499944806098938,0.5680992603302002,0.45433366298675537,0.5544646382331848,0.42067021131515503,0.5472008585929871,0.5133940577507019,0.45164668560028076,0.4973863363265991,0.3861675560474396,0.47420233488082886,0.36186060309410095,0.4553982615470886,0.3496158719062805,0.5347328782081604,0.4358336627483368,0.485666960477829,0.42536604404449463,0.49334487318992615,0.4819292426109314,0.5112046599388123,0.5102654099464417,0.5577071905136108,0.42923077940940857,0.5223846435546875,0.44854408502578735,0.5399667620658875,0.5011388659477234,0.5580974817276001,0.5184646844863892,0.5833504796028137,0.4266677498817444,0.549493134021759,0.44748520851135254,0.5585175156593323,0.4898466169834137,0.5731303095817566,0.5026887655258179,decrease_vol
0.5649406313896179,0.48414650559425354,0.4938167333602905,0.4945703148841858,0.42169812321662903,0.4746304154396057,0.3598465323448181,0.4665720462799072,0.30909982323646545,0.4630340337753296,0.43730711936950684,0.31618770956993103,0.411602258682251,0.2318132370710373,0.37721171975135803,0.19264940917491913,0.3473833203315735,0.17045480012893677,0.4675576686859131,0.2920997440814972,0.3982613682746887,0.28930503129959106,0.40153205394744873,0.36235737800598145,0.4182780981063843,0.398452490568161,0.5003771781921387,0.28227803111076355,0.447576642036438,0.324805349111557,0.47310248017311096,0.39243149757385254,0.49890440702438354,0.41149619221687317,0.5352226495742798,0.2797395884990692,0.4839319884777069,0.31313496828079224,0.49490106105804443,0.3580496907234192,0.514835000038147,0.36762896180152893,decrease_vol
0.6241120100021362,0.727761447429657,0.5627964735031128,0.7372049689292908,0.4978274405002594,0.718903124332428,0.44488072395324707,0.7158989906311035,0.402290940284729,0.7233539819717407,0.5082215070724487,0.5790771842002869,0.48044246435165405,0.49715036153793335,0.447763592004776,0.4682888090610504,0.419405996799469,0.4565298557281494,0.5358873009681702,0.5596921443939209,0.470646470785141,0.5849891304969788,0.4836595058441162,0.6442031264305115,0.506426215171814,0.6642125844955444,0.5628108382225037,0.5574816465377808,0.5083527565002441,0.6139755845069885,0.5329392552375793,0.6602935791015625,0.5558988451957703,0.6637298464775085,0.5884689092636108,0.5646606087684631,0.5443310737609863,0.6172456741333008,0.5603014826774597,0.6543616056442261,0.579565703868866,0.6566728353500366,decrease_vol
0.8228604793548584,0.44066116213798523,0.7659038305282593,0.4454747438430786,0.7066559195518494,0.42661982774734497,0.661413848400116,0.4031255543231964,0.6258387565612793,0.38081252574920654,0.7185240387916565,0.29967060685157776,0.694694459438324,0.22222143411636353,0.6746718287467957,0.18339401483535767,0.6552751064300537,0.15399515628814697,0.7498830556869507,0.28466805815696716,0.7086325287818909,0.2450695037841797,0.7114921808242798,0.3006834387779236,0.7202943563461304,0.3385597765445709,0.784683108329773,0.28041714429855347,0.7606233954429626,0.2709212601184845,0.7728315591812134,0.3343443274497986,0.7834104299545288,0.3637121915817261,0.8233008980751038,0.28080734610557556,0.8012861013412476,0.2675705850124359,0.8033592700958252,0.31514066457748413,0.8099311590194702,0.3379628360271454,decrease_vol
0.5252813100814819,0.46057772636413574,0.4501339793205261,0.47380000352859497,0.36878278851509094,0.45368218421936035,0.297758549451828,0.435884028673172,0.24346162378787994,0.4268236458301544,0.3983451724052429,0.26841479539871216,0.3732444643974304,0.1771172285079956,0.3329678773880005,0.13919945061206818,0.3001079559326172,0.11923913657665253,0.425890177488327,0.24553480744361877,0.3383254408836365,0.23688939213752747,0.3442688584327698,0.3262312710285187,0.3704267740249634,0.3690115213394165,0.4569549560546875,0.2348536252975464,0.3849579095840454,0.2666577696800232,0.41251447796821594,0.35027065873146057,0.44453662633895874,0.376393586397171,0.49231335520744324,0.23173736035823822,0.42682576179504395,0.26488855481147766,0.4433605968952179,0.3281758427619934,0.4727902412414551,0.3455365300178528,decrease_vol
0.63139408826828,0.6616408228874207,0.5824999809265137,0.6724423170089722,0.5261862874031067,0.6593325138092041,0.48038479685783386,0.6514971852302551,0.44554319977760315,0.6499014496803284,0.5378730893135071,0.5413956046104431,0.518272340297699,0.47371500730514526,0.4930958151817322,0.4485764503479004,0.4717610478401184,0.4387134909629822,0.559070885181427,0.5250707268714905,0.5065529942512512,0.5239085555076599,0.5153709650039673,0.5816329717636108,0.5335997343063354,0.6088129878044128,0.5818333029747009,0.5192170143127441,0.5410791635513306,0.5518990755081177,0.5608277320861816,0.6001929044723511,0.5806165337562561,0.612551748752594,0.6057175397872925,0.5193343162536621,0.5694360733032227,0.5529142618179321,0.5810425281524658,0.5900798439979553,0.5973483920097351,0.5964649319648743,decrease_vol
0.9379764795303345,0.4689680337905884,0.8677490949630737,0.47412121295928955,0.7906556129455566,0.4487017095088959,0.7344251871109009,0.42264896631240845,0.6912086009979248,0.3959932327270508,0.8088504076004028,0.2855222821235657,0.7758556604385376,0.18676945567131042,0.751769483089447,0.13582363724708557,0.7302656173706055,0.09505021572113037,0.8517591953277588,0.26970231533050537,0.8025438785552979,0.20735067129135132,0.7982140183448792,0.28016918897628784,0.8064557909965515,0.33468523621559143,0.8995299339294434,0.26744478940963745,0.869376540184021,0.25220152735710144,0.8790636658668518,0.3371260464191437,0.890669047832489,0.37893417477607727,0.9532457590103149,0.27282124757766724,0.9240226745605469,0.24819236993789673,0.921057939529419,0.31342968344688416,0.9273355603218079,0.3505115509033203,decrease_vol
0.668850302696228,0.4512731730937958,0.6076217889785767,0.4626554846763611,0.5428090691566467,0.4494742751121521,0.49237650632858276,0.4354724884033203,0.45324522256851196,0.4239341616630554,0.5550374388694763,0.3269912302494049,0.5307326316833496,0.24913863837718964,0.5080958008766174,0.21405133605003357,0.4874351918697357,0.1911507546901703,0.5820424556732178,0.30863380432128906,0.5333710312843323,0.26804912090301514,0.5311599969863892,0.3081105947494507,0.5424010157585144,0.3413902223110199,0.6120184659957886,0.29888486862182617,0.5769960284233093,0.2981957793235779,0.5934553146362305,0.350429505109787,0.6132270097732544,0.3782643675804138,0.6455594301223755,0.29272812604904175,0.6128985285758972,0.292589396238327,0.6193190813064575,0.33410292863845825,0.634521484375,0.3548627197742462,decrease_vol
0.6536489725112915,0.6600413918495178,0.6073868870735168,0.6711610555648804,0.5557485818862915,0.659943699836731,0.5166710615158081,0.6549524068832397,0.48793089389801025,0.6556107997894287,0.5658392906188965,0.5471346974372864,0.5464805960655212,0.486929714679718,0.5225697755813599,0.4654023051261902,0.5022975206375122,0.4550821781158447,0.5864133238792419,0.528968095779419,0.5400639772415161,0.5304312109947205,0.5499252080917358,0.5833849906921387,0.5682618618011475,0.6035962104797363,0.6090537309646606,0.5227502584457397,0.5734279751777649,0.5511999130249023,0.5905386209487915,0.5968549847602844,0.6085597276687622,0.6048355102539062,0.6333851218223572,0.5240080952644348,0.6024788618087769,0.5543419718742371,0.6115749478340149,0.591504693031311,0.6258800029754639,0.5975866317749023,decrease_vol
0.6919923424720764,0.5442023277282715,0.633743405342102,0.5605323314666748,0.5705751776695251,0.5492890477180481,0.5226488709449768,0.5343976616859436,0.48759251832962036,0.5258572697639465,0.5799300670623779,0.43308427929878235,0.5616885423660278,0.3667391240596771,0.5396312475204468,0.33694469928741455,0.5199446678161621,0.3179585933685303,0.604781985282898,0.4152630567550659,0.5591070055961609,0.37908023595809937,0.5631091594696045,0.4292888045310974,0.5791391730308533,0.4659689962863922,0.632425844669342,0.40677979588508606,0.602297842502594,0.39935991168022156,0.6158985495567322,0.4534570574760437,0.632195770740509,0.4824567139148712,0.6639384031295776,0.40193501114845276,0.6355499625205994,0.39857813715934753,0.6394901871681213,0.4432133734226227,0.6506016850471497,0.46840938925743103,decrease_vol
0.8038105368614197,0.6640666723251343,0.7379873991012573,0.6349740624427795,0.6937389373779297,0.5724431276321411,0.6774663329124451,0.4984280467033386,0.6803470849990845,0.4374561607837677,0.7153827548027039,0.46847084164619446,0.7022304534912109,0.3857990503311157,0.6979691982269287,0.3346097469329834,0.6961202621459961,0.2870067358016968,0.7472670078277588,0.4531010091304779,0.733147144317627,0.3632342517375946,0.7265598773956299,0.3084230124950409,0.7198951840400696,0.256862998008728,0.7778207063674927,0.45488229393959045,0.7651271820068359,0.3721246123313904,0.7561574578285217,0.3188944160938263,0.748265266418457,0.27224236726760864,0.8132131099700928,0.4685589075088501,0.8022186756134033,0.4040606617927551,0.7924278974533081,0.36236587166786194,0.7815547585487366,0.3229612112045288,increase_brightness
0.8284627795219421,0.6763162612915039,0.7568509578704834,0.6467294096946716,0.7073409557342529,0.5769604444503784,0.6900647282600403,0.49592363834381104,0.690731406211853,0.428922563791275,0.7285916805267334,0.45913416147232056,0.7131451964378357,0.36983540654182434,0.7069500684738159,0.3129940629005432,0.7035505175590515,0.2597856819629669,0.7636147737503052,0.4409707486629486,0.7471994757652283,0.34214210510253906,0.7385233044624329,0.2807791233062744,0.7298179268836975,0.22289735078811646,0.7977131009101868,0.4422738552093506,0.7827262878417969,0.3497563600540161,0.7712971568107605,0.2901405096054077,0.7604914903640747,0.23709139227867126,0.8370538949966431,0.4569728374481201,0.8247798085212708,0.38500910997390747,0.8135956525802612,0.33799147605895996,0.8006760478019714,0.2935340404510498,increase_brightness
0.8659687638282776,0.6842905879020691,0.7865080237388611,0.6540582776069641,0.7288380861282349,0.5766780376434326,0.7074315547943115,0.4852765202522278,0.7082983255386353,0.4050338864326477,0.7509848475456238,0.4370799958705902,0.733754575252533,0.33126354217529297,0.7267253994941711,0.2652552127838135,0.722991406917572,0.20302841067314148,0.7923088073730469,0.4147794842720032,0.7726072669029236,0.29901134967803955,0.7617184519767761,0.2279140204191208,0.7506083250045776,0.15968433022499084,0.8322586417198181,0.41572269797325134,0.8142495155334473,0.30838263034820557,0.8011501431465149,0.23905950784683228,0.7885097861289978,0.17624858021736145,0.8776934146881104,0.43319451808929443,0.8626018166542053,0.3503142297267914,0.8496356010437012,0.2956729531288147,0.8347575664520264,0.24347741901874542,increase_brightness
0.7510051727294922,0.7032390832901001,0.6600109338760376,0.6663212776184082,0.599801242351532,0.5726357698440552,0.5824723839759827,0.46500611305236816,0.5782073736190796,0.37385135889053345,0.6332021355628967,0.4136270582675934,0.6170424222946167,0.2928517460823059,0.6133282780647278,0.2180054634809494,0.6142416596412659,0.14866656064987183,0.6799487471580505,0.391399085521698,0.6620239615440369,0.2570609152317047,0.6552026271820068,0.176681250333786,0.6490582823753357,0.10278230905532837,0.7242298126220703,0.39506447315216064,0.7077801823616028,0.27116936445236206,0.6969855427742004,0.19283413887023926,0.6875527501106262,0.12216141819953918,0.7754378914833069,0.41769644618034363,0.7617363929748535,0.32097771763801575,0.7513518929481506,0.25894367694854736,0.7394529581069946,0.19950392842292786,increase_brightness
0.7125840783119202,0.8530857563018799,0.6084415316581726,0.8042280673980713,0.5398221015930176,0.692170262336731,0.5215242505073547,0.5702753067016602,0.5181743502616882,0.4611477255821228,0.5810791254043579,0.5009564757347107,0.564273476600647,0.3588424324989319,0.5616095662117004,0.26965832710266113,0.5645588636398315,0.1841524839401245,0.6372411847114563,0.4775245189666748,0.6185845136642456,0.3159865736961365,0.6120986342430115,0.21865403652191162,0.606318473815918,0.12448573112487793,0.6903484463691711,0.4857063591480255,0.6743572950363159,0.3346007764339447,0.6638776063919067,0.23942071199417114,0.6547884345054626,0.1506544053554535,0.7507922053337097,0.5185314416885376,0.7360602617263794,0.39955276250839233,0.7261202931404114,0.3232593834400177,0.7137844562530518,0.248857319355011,increase_brightness
0.6400755643844604,0.8848656415939331,0.5254536271095276,0.8316059112548828,0.44941702485084534,0.7096966505050659,0.42578190565109253,0.5799577832221985,0.4223075211048126,0.46060794591903687,0.4885966181755066,0.5120947957038879,0.46843352913856506,0.35090214014053345,0.46358978748321533,0.2516532838344574,0.4647887051105499,0.15936553478240967,0.549314558506012,0.4869856536388397,0.5257009267807007,0.30683326721191406,0.5180026292800903,0.19831395149230957,0.5118812322616577,0.09799841046333313,0.6085261106491089,0.4949011206626892,0.5853666067123413,0.326347291469574,0.5733485221862793,0.22087153792381287,0.5626745223999023,0.12458041310310364,0.6753907203674316,0.528138279914856,0.6553620100021362,0.3974151611328125,0.6413437724113464,0.3128473162651062,0.6249474287033081,0.23280146718025208,increase_brightness
0.6066832542419434,0.7668549418449402,0.5226573348045349,0.7340525984764099,0.47088611125946045,0.6470265984535217,0.45513808727264404,0.5525588393211365,0.4485471248626709,0.472995787858963,0.49890822172164917,0.5105047225952148,0.48489201068878174,0.40359967947006226,0.480759859085083,0.33783888816833496,0.48045146465301514,0.2780073285102844,0.538951575756073,0.49022647738456726,0.5220704078674316,0.3709300756454468,0.5146118402481079,0.30076923966407776,0.5083058476448059,0.23848572373390198,0.5776577591896057,0.49313923716545105,0.5612301826477051,0.3820350170135498,0.550569474697113,0.31354111433029175,0.5415226221084595,0.2530776858329773,0.6220647692680359,0.5137646794319153,0.6081946492195129,0.4264398217201233,0.5981591939926147,0.37176305055618286,0.5871212482452393,0.3209187984466553,increase_brightness
0.5947524905204773,0.7392821311950684,0.5256029963493347,0.7173537611961365,0.48331254720687866,0.6490927338600159,0.470661997795105,0.5736880302429199,0.4630180597305298,0.5133705139160156,0.5055255889892578,0.5397749543190002,0.49235379695892334,0.4545106589794159,0.4887654185295105,0.40196603536605835,0.4886651337146759,0.354600191116333,0.5354872941970825,0.5218304395675659,0.5197246074676514,0.42668306827545166,0.5130718350410461,0.3697897791862488,0.5086063146591187,0.3201567530632019,0.5656490921974182,0.5218745470046997,0.5500215291976929,0.4331016540527344,0.5407875776290894,0.37817370891571045,0.5340003371238708,0.3303508162498474,0.6009461879730225,0.5354325771331787,0.5880298614501953,0.4663185179233551,0.5781785845756531,0.42262327671051025,0.5683143138885498,0.3828049600124359,increase_brightness
0.6354918479919434,0.6968957185745239,0.5721508264541626,0.6740880608558655,0.5322161912918091,0.6155422329902649,0.5187309980392456,0.5491783022880554,0.5142621397972107,0.49586379528045654,0.5516819953918457,0.5186750888824463,0.5382667183876038,0.4431608319282532,0.5332198143005371,0.3971099555492401,0.5310186743736267,0.35512223839759827,0.5795777440071106,0.5030327439308167,0.5646257996559143,0.41909360885620117,0.5571456551551819,0.3688734769821167,0.5509957075119019,0.325053870677948,0.6079298257827759,0.5022987723350525,0.5934042930603027,0.42466050386428833,0.5836630463600159,0.3766036033630371,0.5753828883171082,0.3347325325012207,0.6409714818000793,0.5126581192016602,0.6289551854133606,0.452019602060318,0.6199102997779846,0.4143163859844208,0.6105362772941589,0.37969154119491577,increase_brightness
0.7198482155799866,0.6653866767883301,0.658822774887085,0.6298215389251709,0.6212090253829956,0.5643826723098755,0.6086873412132263,0.4943544268608093,0.608087420463562,0.43696704506874084,0.6453800201416016,0.4662136733531952,0.6357033252716064,0.3879971206188202,0.6330438852310181,0.34179937839508057,0.6328586935997009,0.2993079423904419,0.6761898994445801,0.4538794755935669,0.6658480763435364,0.3676794767379761,0.660404622554779,0.31698423624038696,0.6554226279258728,0.27239739894866943,0.7053149342536926,0.4573054611682892,0.6962984800338745,0.37800610065460205,0.6885369420051575,0.3304993510246277,0.6814332008361816,0.29043930768966675,0.7384151816368103,0.47286373376846313,0.7318322658538818,0.4099101424217224,0.7256147861480713,0.3713166415691376,0.7184175848960876,0.3359968066215515,increase_brightness
0.7581298351287842,0.7193969488143921,0.6759880781173706,0.6838246583938599,0.6238625049591064,0.6027527451515198,0.6097944974899292,0.513458251953125,0.6105053424835205,0.44030219316482544,0.6574742197990417,0.471326619386673,0.6424079537391663,0.37305670976638794,0.6373345851898193,0.3125078082084656,0.6353657245635986,0.25613027811050415,0.6970541477203369,0.4525890350341797,0.6799023151397705,0.343548059463501,0.6704986095428467,0.2772137522697449,0.6625142097473145,0.2185606062412262,0.7352384328842163,0.4549718201160431,0.7201218008995056,0.35259485244750977,0.7083866596221924,0.2898511290550232,0.698157012462616,0.2350727617740631,0.7791632413864136,0.47323450446128845,0.7673878073692322,0.39226770401000977,0.7577764391899109,0.3426356017589569,0.747413158416748,0.29593655467033386,increase_brightness
0.7679060101509094,0.79869145154953,0.6697044372558594,0.7515338659286499,0.609421968460083,0.6462857723236084,0.5948181748390198,0.5328873991966248,0.5933352112770081,0.43679818511009216,0.6508248448371887,0.4783784747123718,0.6370928287506104,0.34957993030548096,0.6350899338722229,0.2698061764240265,0.6377485990524292,0.1956811249256134,0.7014138102531433,0.4565596580505371,0.6864853501319885,0.3118966817855835,0.6807857751846313,0.22550559043884277,0.6756023168563843,0.14607852697372437,0.7489436864852905,0.4631490707397461,0.7344788312911987,0.32972702383995056,0.724629819393158,0.2467699944972992,0.7157397270202637,0.1719851791858673,0.8034749627113342,0.4916401207447052,0.7910879850387573,0.38777533173561096,0.7810516953468323,0.3213224709033966,0.7690048217773438,0.2575385570526123,increase_brightness
0.7380509376525879,0.7598198652267456,0.6429411768913269,0.7352343201637268,0.5769588947296143,0.6518077850341797,0.5508754849433899,0.5523555874824524,0.5397613644599915,0.46921050548553467,0.5941573977470398,0.4961231052875519,0.5630481839179993,0.3860955238342285,0.5502130389213562,0.318342000246048,0.5426720976829529,0.254424512386322,0.6367688775062561,0.4672378599643707,0.601347029209137,0.34562480449676514,0.583636999130249,0.27283239364624023,0.5685850977897644,0.2061748206615448,0.6800428032875061,0.4630216658115387,0.6481524705886841,0.34901028871536255,0.6270578503608704,0.27878743410110474,0.609544575214386,0.21665948629379272,0.7329427003860474,0.47607672214508057,0.7068939208984375,0.3865354359149933,0.6886399984359741,0.33049970865249634,0.669998049736023,0.2769505977630615,increase_brightness
0.6424651145935059,0.7025814652442932,0.5647327899932861,0.6820952892303467,0.514289140701294,0.6100670099258423,0.4975937008857727,0.5276613235473633,0.4889815151691437,0.46439534425735474,0.5364739894866943,0.48916247487068176,0.5165520310401917,0.3975771963596344,0.5081378817558289,0.3413788378238678,0.5036284327507019,0.2906673848628998,0.5698487758636475,0.4684339463710785,0.5470851063728333,0.3667590916156769,0.5352309346199036,0.3060592710971832,0.5257516503334045,0.2532614469528198,0.6030316352844238,0.46686291694641113,0.5819696187973022,0.37326204776763916,0.567955493927002,0.3162698745727539,0.5565763711929321,0.2669717073440552,0.6424582004547119,0.4785365164279938,0.6255874633789062,0.40525326132774353,0.6132909655570984,0.3600650429725647,0.6008415818214417,0.31827983260154724,increase_brightness
0.6247533559799194,0.6882444620132446,0.5553113222122192,0.6895958781242371,0.5012335777282715,0.6443511247634888,0.47462841868400574,0.5802226066589355,0.4543648064136505,0.5339760780334473,0.4963851273059845,0.5369033813476562,0.4622763991355896,0.4714861512184143,0.44678443670272827,0.4286876320838928,0.43564847111701965,0.387209951877594,0.5213945508003235,0.5086427927017212,0.4832075536251068,0.4346488118171692,0.4635670781135559,0.38861027359962463,0.44672343134880066,0.34666940569877625,0.5498114228248596,0.497198224067688,0.5148043632507324,0.42759865522384644,0.493203729391098,0.3853916525840759,0.47548648715019226,0.3486728072166443,0.5874196887016296,0.4947509169578552,0.5585950613021851,0.43838292360305786,0.5391857028007507,0.4049205780029297,0.5198935866355896,0.37509414553642273,increase_brightness
0.6557242274284363,0.6698184013366699,0.5934591889381409,0.6536834239959717,0.5513100028038025,0.6041489839553833,0.5334222912788391,0.5449913740158081,0.524126410484314,0.498444139957428,0.563583493232727,0.5115134119987488,0.5434649586677551,0.44622576236724854,0.5354834198951721,0.40671616792678833,0.5307885408401489,0.37014150619506836,0.5890849828720093,0.49339789152145386,0.5675302743911743,0.421233594417572,0.5566950440406799,0.37876856327056885,0.5477650165557861,0.34190770983695984,0.6151307225227356,0.4890759587287903,0.5956982374191284,0.4229000508785248,0.5819107294082642,0.3837101459503174,0.5705316662788391,0.35066449642181396,0.64701247215271,0.4937012791633606,0.6313275098800659,0.44051188230514526,0.6197410225868225,0.4093371629714966,0.6085399389266968,0.3809927701950073,increase_brightness
0.7639448046684265,0.6125776767730713,0.7117849588394165,0.5681696534156799,0.6832098364830017,0.509158730506897,0.6779058575630188,0.4492981731891632,0.6814528703689575,0.4020402729511261,0.713761031627655,0.4342474043369293,0.7098249793052673,0.36822110414505005,0.7111608982086182,0.3314778208732605,0.7135930061340332,0.2982996106147766,0.7420727610588074,0.4299352467060089,0.7390072345733643,0.3594229817390442,0.7378384470939636,0.31965428590774536,0.736097514629364,0.28522560000419617,0.767327070236206,0.43795493245124817,0.7648170590400696,0.37324854731559753,0.7609437704086304,0.3355732262134552,0.7568547129631042,0.3049613833427429,0.795279324054718,0.4559423327445984,0.7942994832992554,0.40503111481666565,0.7906638979911804,0.37572988867759705,0.7857543230056763,0.3496708869934082,increase_brightness
0.8520235419273376,0.6044698357582092,0.8021500706672668,0.5539319515228271,0.7754140496253967,0.4908711314201355,0.77163165807724,0.4297941327095032,0.7749564051628113,0.381567120552063,0.8066183924674988,0.4172323942184448,0.8033209443092346,0.3498339056968689,0.8049314022064209,0.3118305206298828,0.8074560165405273,0.27635180950164795,0.8353639841079712,0.4146427512168884,0.8333890438079834,0.3431187570095062,0.8322882056236267,0.30192500352859497,0.8303970694541931,0.2650740146636963,0.8610476851463318,0.4248255491256714,0.8602539300918579,0.35830026865005493,0.8574216365814209,0.3200552463531494,0.853626012802124,0.28862592577934265,0.8887922167778015,0.44594520330429077,0.8888140916824341,0.3937312662601471,0.8851301074028015,0.3629409968852997,0.8795701861381531,0.33560025691986084,increase_brightness
0.7262760996818542,0.6512739658355713,0.6725283861160278,0.6274009346961975,0.6339279413223267,0.5805184841156006,0.6161196827888489,0.5250535011291504,0.6106441020965576,0.47911006212234497,0.6419386863708496,0.4985211491584778,0.6239668726921082,0.436572790145874,0.6170089244842529,0.4003260135650635,0.6120651960372925,0.36638104915618896,0.6663694381713867,0.48350027203559875,0.6473457217216492,0.4166291058063507,0.6376065015792847,0.3783581256866455,0.6283038854598999,0.3440876305103302,0.6908693313598633,0.4813525676727295,0.6747057437896729,0.41989967226982117,0.6629250645637512,0.3836277723312378,0.6526496410369873,0.35376542806625366,0.7205249667167664,0.4876972436904907,0.7074321508407593,0.43883946537971497,0.6972630023956299,0.4103754460811615,0.6868729591369629,0.3854215443134308,increase_brightness
0.6279137134552002,0.6722832918167114,0.544837474822998,0.6682273745536804,0.4832592010498047,0.6048891544342041,0.4570575952529907,0.5226185917854309,0.43938398361206055,0.4600159227848053,0.4903806149959564,0.47382044792175293,0.4580385088920593,0.385223388671875,0.44311174750328064,0.3291608691215515,0.4328445792198181,0.27830320596694946,0.5234569311141968,0.445085346698761,0.4873128831386566,0.3466086983680725,0.4689309895038605,0.2874826192855835,0.45380496978759766,0.23620301485061646,0.5583114624023438,0.4363742172718048,0.5244609117507935,0.3449742794036865,0.5031415820121765,0.28948038816452026,0.485832154750824,0.24154092371463776,0.6021105051040649,0.43934404850006104,0.5749565958976746,0.367680162191391,0.5556821823120117,0.323348730802536,0.5365610718727112,0.2829224467277527,increase_brightness
0.7632651925086975,0.54282146692276,0.6894503235816956,0.5072109699249268,0.6430376768112183,0.43706682324409485,0.6259396076202393,0.35740867257118225,0.6208619475364685,0.2930908203125,0.6649034023284912,0.32383275032043457,0.647473931312561,0.23678545653820038,0.640998363494873,0.18611939251422882,0.6367896795272827,0.13994942605495453,0.6999528408050537,0.30759257078170776,0.6811156272888184,0.21417047083377838,0.671049177646637,0.15991654992103577,0.6618050336837769,0.11391039192676544,0.7333872318267822,0.3087898790836334,0.716396689414978,0.22425761818885803,0.7037410140037537,0.17357143759727478,0.6929945349693298,0.1327684372663498,0.7730303406715393,0.32174062728881836,0.759946346282959,0.2542693316936493,0.7485049962997437,0.2140897959470749,0.7367923259735107,0.1785963475704193,increase_brightness
0.6876183152198792,0.9125566482543945,0.5687436461448669,0.8689455986022949,0.480287104845047,0.7476349472999573,0.4426984190940857,0.6176725625991821,0.4333392381668091,0.49505430459976196,0.5039595365524292,0.5324379205703735,0.4697483777999878,0.3682473301887512,0.4560898244380951,0.26729369163513184,0.4503559172153473,0.17144885659217834,0.5656282305717468,0.5011774301528931,0.5264609456062317,0.31765151023864746,0.509077250957489,0.20637938380241394,0.4935377538204193,0.1008257269859314,0.6291104555130005,0.5049651265144348,0.5919703245162964,0.3330043852329254,0.5705133080482483,0.22526684403419495,0.5507583022117615,0.1256108582019806,0.7021515369415283,0.5352099537849426,0.6710639595985413,0.40307021141052246,0.6499839425086975,0.31685513257980347,0.6262140274047852,0.23489001393318176,increase_brightness
0.7569663524627686,0.5629400610923767,0.6915315985679626,0.5607587099075317,0.6333900690078735,0.5007109642028809,0.6130741238594055,0.41881904006004333,0.6279795169830322,0.3635110855102539,0.6586395502090454,0.4273313283920288,0.653252899646759,0.388579398393631,0.6634150743484497,0.44834065437316895,0.6633911728858948,0.4474927484989166,0.6984797716140747,0.4202573299407959,0.6919980049133301,0.38450413942337036,0.699264407157898,0.4607722759246826,0.6978893280029297,0.4508536159992218,0.7336065173149109,0.41618576645851135,0.7294133305549622,0.38324791193008423,0.7306932210922241,0.4544309973716736,0.7312788367271423,0.4488138258457184,0.7701143622398376,0.4107353687286377,0.7655189633369446,0.38163650035858154,0.7630784511566162,0.4341195225715637,0.7651337385177612,0.4418041706085205,decrease_brightness
0.8251078128814697,0.5186081528663635,0.7652620673179626,0.4926000237464905,0.7241019606590271,0.41655483841896057,0.7220287322998047,0.3304760456085205,0.7468827366828918,0.284797340631485,0.7636481523513794,0.3641321659088135,0.7684037685394287,0.3223058581352234,0.7656501531600952,0.38131606578826904,0.7641711235046387,0.3831250071525574,0.8011452555656433,0.36965614557266235,0.8044569492340088,0.3286421298980713,0.7963833212852478,0.4021921753883362,0.7952679991722107,0.39789915084838867,0.833535373210907,0.3769855201244354,0.8391863703727722,0.34352225065231323,0.8271212577819824,0.40992680191993713,0.8270549774169922,0.40950244665145874,0.8684792518615723,0.3834548890590668,0.8718663454055786,0.3537326455116272,0.8600021004676819,0.40101358294487,0.859355092048645,0.40967607498168945,decrease_brightness
0.7626575231552124,0.581517219543457,0.7035720944404602,0.561718225479126,0.6532384157180786,0.4942498803138733,0.6387363076210022,0.4225514829158783,0.6646932363510132,0.3759836256504059,0.6803701519966125,0.3877696394920349,0.6784818768501282,0.40917932987213135,0.6857519149780273,0.46140214800834656,0.6876578330993652,0.4479021728038788,0.7201730012893677,0.37267857789993286,0.7200376987457275,0.408214271068573,0.7208443284034729,0.4778478741645813,0.7228596806526184,0.46217525005340576,0.7590634226799011,0.3770740032196045,0.7609164118766785,0.4124572277069092,0.7536644339561462,0.47417178750038147,0.7556302547454834,0.4624210000038147,0.797447919845581,0.3884895443916321,0.796422004699707,0.40859389305114746,0.7863136529922485,0.45309188961982727,0.7837548851966858,0.45339110493659973,decrease_brightness
0.6912745237350464,0.6241663098335266,0.6320424675941467,0.6203252077102661,0.570907711982727,0.5640271902084351,0.5420363545417786,0.5003278851509094,0.5586094856262207,0.4490777254104614,0.586146891117096,0.43001434206962585,0.5774298906326294,0.47075504064559937,0.5932340025901794,0.5220521092414856,0.6003517508506775,0.5159043669700623,0.6249064803123474,0.40570318698883057,0.6187900900840759,0.46923956274986267,0.6315630078315735,0.5323845744132996,0.6380429863929749,0.5195117592811584,0.6665926575660706,0.40516507625579834,0.6617350578308105,0.4711664915084839,0.6650910973548889,0.529108464717865,0.6681697368621826,0.51528400182724,0.7084758877754211,0.4155995547771454,0.6994979977607727,0.4649592638015747,0.6987468600273132,0.5086170434951782,0.7007747888565063,0.50112384557724,decrease_brightness
0.6446600556373596,0.5372787714004517,0.5806853175163269,0.5410028100013733,0.518899142742157,0.4882747530937195,0.4942665100097656,0.4119004011154175,0.5054500102996826,0.3570322096347809,0.5419066548347473,0.4109985828399658,0.5247352719306946,0.3814253509044647,0.542937695980072,0.43715235590934753,0.5491300225257874,0.4320593476295471,0.580033540725708,0.3978745937347412,0.5618249177932739,0.3701142966747284,0.5767708420753479,0.442504346370697,0.5806950926780701,0.4327296018600464,0.6145445704460144,0.3890850841999054,0.600064218044281,0.36207062005996704,0.608254075050354,0.4315034747123718,0.615169882774353,0.4260387122631073,0.6507250666618347,0.37882524728775024,0.6362428069114685,0.3561076521873474,0.6377698183059692,0.40602681040763855,0.6449168920516968,0.41032925248146057,decrease_brightness
0.7168745398521423,0.4764586091041565,0.6563401818275452,0.47138774394989014,0.603797435760498,0.40719839930534363,0.5914197564125061,0.32446426153182983,0.606907308101654,0.27135199308395386,0.6324618458747864,0.33836230635643005,0.6266075372695923,0.3033415675163269,0.6345186829566956,0.3599638342857361,0.637393057346344,0.3619519770145416,0.6698133945465088,0.3329804539680481,0.6623255610466003,0.2991144061088562,0.6670911312103271,0.37238383293151855,0.6685155630111694,0.36654606461524963,0.7030558586120605,0.3312743902206421,0.6984353065490723,0.2998843789100647,0.6977950930595398,0.3690415918827057,0.7017048597335815,0.3690798282623291,0.7390097379684448,0.3283730447292328,0.7325612902641296,0.30016636848449707,0.728973925113678,0.3509242534637451,0.7328232526779175,0.36009931564331055,decrease_brightness
0.7978713512420654,0.4469100832939148,0.738631010055542,0.423895001411438,0.6996594667434692,0.3548281192779541,0.6962080597877502,0.27487891912460327,0.7176293730735779,0.22953540086746216,0.7325814962387085,0.3034017086029053,0.7358757257461548,0.2614070177078247,0.7362480163574219,0.3181765079498291,0.7362480163574219,0.3262125551700592,0.7690898776054382,0.3065144121646881,0.7712585926055908,0.26648402214050293,0.7661837339401245,0.33633649349212646,0.7650911808013916,0.33840417861938477,0.8006283640861511,0.3126072585582733,0.8046742677688599,0.2793535888195038,0.7952067255973816,0.3436768054962158,0.7950756549835205,0.34934478998184204,0.8351114392280579,0.318993479013443,0.8364218473434448,0.2881098985671997,0.8266820907592773,0.33390623331069946,0.8263192176818848,0.34582579135894775,decrease_brightness
0.722775936126709,0.34617161750793457,0.6601259112358093,0.3353084921836853,0.610759973526001,0.2731597423553467,0.5959835648536682,0.19413131475448608,0.6101284623146057,0.14341981709003448,0.6359513401985168,0.20971128344535828,0.6339619159698486,0.1692504584789276,0.6411375999450684,0.22801527380943298,0.6416239142417908,0.23386286199092865,0.6733610033988953,0.20569641888141632,0.6707739233970642,0.16658654808998108,0.6730483770370483,0.24049653112888336,0.6716845035552979,0.24042372405529022,0.7061958312988281,0.20541220903396606,0.7065635323524475,0.17036131024360657,0.7033644914627075,0.23967678844928741,0.7033857107162476,0.24452273547649384,0.7411402463912964,0.2045210599899292,0.739567756652832,0.1735278069972992,0.7347067594528198,0.22325754165649414,0.7355162501335144,0.23504137992858887,decrease_brightness
0.6890009641647339,0.5743775963783264,0.6321728229522705,0.5784708261489868,0.5763890743255615,0.5326800346374512,0.5508555173873901,0.4642489552497864,0.5584361553192139,0.41300442814826965,0.5911383628845215,0.4639488160610199,0.5830881595611572,0.4321114122867584,0.5984494686126709,0.4833317697048187,0.5995083451271057,0.4809113144874573,0.6263863444328308,0.4522344470024109,0.617570161819458,0.42168915271759033,0.6299976706504822,0.487981915473938,0.6280518770217896,0.4787583649158478,0.6578714847564697,0.4439507722854614,0.6514673233032227,0.415867418050766,0.6579453349113464,0.4790814518928528,0.6578204035758972,0.47384876012802124,0.6901682615280151,0.43393346667289734,0.6836507320404053,0.40960440039634705,0.6855453848838806,0.45544037222862244,0.687920868396759,0.46075984835624695,decrease_brightness
0.5375298857688904,0.44873207807540894,0.4675612449645996,0.45452889800071716,0.40541714429855347,0.4134085476398468,0.37339016795158386,0.3406304717063904,0.3739864230155945,0.2801738679409027,0.42156344652175903,0.3321003019809723,0.4004456698894501,0.30506622791290283,0.4234163165092468,0.35958245396614075,0.43164288997650146,0.3566933870315552,0.456514835357666,0.31123101711273193,0.43494296073913574,0.28695380687713623,0.45567262172698975,0.35672450065612793,0.4611128568649292,0.34683993458747864,0.4897143244743347,0.29667478799819946,0.47046032547950745,0.27109959721565247,0.4851215183734894,0.3399408459663391,0.49411308765411377,0.33468860387802124,0.5262890458106995,0.2816760540008545,0.5049861669540405,0.25803861021995544,0.5109357833862305,0.3101387619972229,0.521568238735199,0.3160860538482666,decrease_brightness
0.5155096054077148,0.5971430540084839,0.4550732970237732,0.6096248626708984,0.3921750485897064,0.5765804648399353,0.3563781678676605,0.5180030465126038,0.3536950349807739,0.46153491735458374,0.3975224494934082,0.49877676367759705,0.37115439772605896,0.4824582040309906,0.4004649519920349,0.5339949131011963,0.4106471538543701,0.5316538214683533,0.4295978844165802,0.47585877776145935,0.40252742171287537,0.4610185921192169,0.42982250452041626,0.525581419467926,0.43834131956100464,0.5178697109222412,0.4614720642566681,0.4586315155029297,0.4368380308151245,0.44255906343460083,0.4575820565223694,0.5060611367225647,0.46848803758621216,0.5019338726997375,0.4959876239299774,0.4409814476966858,0.47018665075302124,0.42740505933761597,0.4799383282661438,0.47357791662216187,0.4909689128398895,0.4772525131702423,decrease_brightness
0.5344434380531311,0.5968639850616455,0.4750373363494873,0.6075426936149597,0.4140753448009491,0.5739341974258423,0.37975239753723145,0.5141534209251404,0.37911856174468994,0.4588128328323364,0.4225800633430481,0.49779486656188965,0.398658812046051,0.4769296944141388,0.4250929355621338,0.5276753902435303,0.4332563579082489,0.5265407562255859,0.4529540240764618,0.47633951902389526,0.42952999472618103,0.45964711904525757,0.45437249541282654,0.5232588648796082,0.45996108651161194,0.5146121382713318,0.48366037011146545,0.45988020300865173,0.4616125822067261,0.4417034387588501,0.48062604665756226,0.5036332011222839,0.4895198941230774,0.49856507778167725,0.5171388387680054,0.4432555139064789,0.493887335062027,0.42997726798057556,0.5023137927055359,0.4751031994819641,0.5121578574180603,0.47850924730300903,decrease_brightness
0.6400629281997681,0.6953884363174438,0.5904044508934021,0.6927615404129028,0.546210527420044,0.6513019800186157,0.5282503366470337,0.5933700203895569,0.5360207557678223,0.5502421259880066,0.564817488193512,0.5931841135025024,0.5537393689155579,0.5699425935745239,0.5649046301841736,0.6130062341690063,0.5705270767211914,0.6135113835334778,0.5932653546333313,0.5852140784263611,0.5816006660461426,0.5632179975509644,0.5907750129699707,0.6180599331855774,0.5953240394592285,0.6135125160217285,0.6199173927307129,0.5804058313369751,0.6106523871421814,0.5595031380653381,0.6148109436035156,0.6117307543754578,0.6198220252990723,0.609892725944519,0.6486653089523315,0.5750560164451599,0.6388986110687256,0.5545781850814819,0.6384847164154053,0.5922664403915405,0.643683135509491,0.5978314876556396,decrease_brightness
0.80494225025177,0.48528146743774414,0.7502143383026123,0.46394962072372437,0.7094345688819885,0.3995089530944824,0.7012506723403931,0.3231602907180786,0.7205499410629272,0.2789730727672577,0.7378348708152771,0.34547320008277893,0.7422319650650024,0.3094390034675598,0.7431900501251221,0.36458444595336914,0.7407076954841614,0.36506256461143494,0.7719489336013794,0.34814631938934326,0.7767404317855835,0.31454357504844666,0.7715763449668884,0.38240522146224976,0.7668164968490601,0.37540873885154724,0.8010921478271484,0.3533576726913452,0.8079189658164978,0.32636401057243347,0.7990122437477112,0.38674798607826233,0.7952755689620972,0.38269463181495667,0.831932544708252,0.357913076877594,0.8367741107940674,0.3339371085166931,0.8280653357505798,0.3784208297729492,0.8252716064453125,0.3853001892566681,decrease_brightness
0.7241559028625488,0.3283522427082062,0.657608151435852,0.31722909212112427,0.6041113138198853,0.2558947205543518,0.585641622543335,0.17276278138160706,0.5982522964477539,0.11790569126605988,0.6272295713424683,0.1865287572145462,0.6245918273925781,0.14180126786231995,0.6356823444366455,0.20449459552764893,0.6353274583816528,0.21105776727199554,0.6663077473640442,0.18062226474285126,0.662987470626831,0.1382596492767334,0.6692396998405457,0.21716415882110596,0.6649153828620911,0.21510028839111328,0.7002465724945068,0.1779601126909256,0.700545608997345,0.13946625590324402,0.7004815340042114,0.2124171108007431,0.6981919407844543,0.2151779681444168,0.7368490099906921,0.17396777868270874,0.7366095185279846,0.14031675457954407,0.7334422469139099,0.19279000163078308,0.7318891882896423,0.20458300411701202,decrease_brightness
0.5074175596237183,0.32409635186195374,0.4352671504020691,0.3216109871864319,0.3770996928215027,0.2735899090766907,0.35211893916130066,0.19795985519886017,0.35668301582336426,0.14034956693649292,0.39961186051368713,0.1965170055627823,0.3798595666885376,0.15958920121192932,0.3990215063095093,0.2174512892961502,0.4101766049861908,0.22500444948673248,0.4358212947845459,0.17914366722106934,0.4154389202594757,0.14297911524772644,0.43207046389579773,0.21650856733322144,0.4415600895881653,0.21897068619728088,0.47122836112976074,0.16779686510562897,0.4533945620059967,0.12980708479881287,0.4635937809944153,0.20283985137939453,0.474540650844574,0.2119545191526413,0.5116972923278809,0.15824449062347412,0.49080905318260193,0.12418409436941147,0.4932786226272583,0.17688187956809998,0.5032161474227905,0.19083420932292938,decrease_brightness
0.3793231248855591,0.3836987018585205,0.28546854853630066,0.39595744013786316,0.20285093784332275,0.34275394678115845,0.15595874190330505,0.2536787986755371,0.15182307362556458,0.17651835083961487,0.21773125231266022,0.24038277566432953,0.18016156554222107,0.19904449582099915,0.21678730845451355,0.27118581533432007,0.23330989480018616,0.2769864797592163,0.2604050934314728,0.20886395871639252,0.22285965085029602,0.1735830307006836,0.25763121247291565,0.2643960118293762,0.27236294746398926,0.2611697316169739,0.3041532039642334,0.18556424975395203,0.26964253187179565,0.15054640173912048,0.29725489020347595,0.2415127009153366,0.3148164749145508,0.24516035616397858,0.35316014289855957,0.1638217568397522,0.3157661557197571,0.13612499833106995,0.3287222385406494,0.2027912735939026,0.3473273515701294,0.21473312377929688,decrease_brightness
0.44445085525512695,0.5356511473655701,0.37433335185050964,0.547235906124115,0.30718985199928284,0.5093228816986084,0.2706969380378723,0.44273841381073,0.2692131996154785,0.3828364610671997,0.32108762860298157,0.42411401867866516,0.28898581862449646,0.400945782661438,0.31755781173706055,0.45647120475769043,0.3286585211753845,0.45603448152542114,0.35494664311408997,0.4007335901260376,0.32356488704681396,0.3824402987957001,0.3514384925365448,0.4514906406402588,0.36103761196136475,0.4425996243953705,0.38824981451034546,0.38281136751174927,0.3588554859161377,0.3642137944698334,0.380845844745636,0.4309302568435669,0.39398083090782166,0.4251709282398224,0.42551711201667786,0.36475592851638794,0.3944961130619049,0.34660160541534424,0.4043475091457367,0.39650392532348633,0.418307363986969,0.4014563262462616,decrease_brightness
0.48270630836486816,0.6269839406013489,0.4396935701370239,0.6466366648674011,0.38241395354270935,0.6151179671287537,0.3527430295944214,0.5598101019859314,0.3505033254623413,0.513996958732605,0.3898226022720337,0.5481901168823242,0.36515751481056213,0.5304512977600098,0.3870813250541687,0.5727307796478271,0.4008115828037262,0.5805305242538452,0.4149327874183655,0.5279929041862488,0.38968902826309204,0.5166809558868408,0.41249415278434753,0.5680336952209473,0.42539647221565247,0.5673800706863403,0.44181349873542786,0.5114704966545105,0.41796553134918213,0.5019304752349854,0.437603235244751,0.554182767868042,0.4506770372390747,0.5559982657432556,0.472037136554718,0.4945179224014282,0.44629138708114624,0.48846128582954407,0.4570458233356476,0.5285719037055969,0.4690213203430176,0.535052478313446,decrease_brightness
0.6690913438796997,0.7116536498069763,0.6296861171722412,0.6940563917160034,0.5992875695228577,0.6394345760345459,0.5941578149795532,0.5819675326347351,0.6115748286247253,0.5497458577156067,0.6255526542663574,0.5970311760902405,0.6231310367584229,0.5703532099723816,0.6237831711769104,0.6119645833969116,0.6271135210990906,0.6139247417449951,0.6517077088356018,0.5993178486824036,0.6490232944488525,0.5748409032821655,0.6456639766693115,0.6262569427490234,0.6494818925857544,0.6234089136123657,0.6753858923912048,0.6053311228752136,0.6739112734794617,0.5857035517692566,0.6673073768615723,0.6320134401321411,0.6705828905105591,0.6309494376182556,0.7004250288009644,0.6121981143951416,0.6975612044334412,0.5914042592048645,0.6900976896286011,0.6247653365135193,0.6922329068183899,0.6319459080696106,decrease_brightness
0.6737136840820312,0.7142621874809265,0.6338672637939453,0.6954628825187683,0.6035048961639404,0.6387583017349243,0.5997632741928101,0.5798493027687073,0.6187480688095093,0.54913330078125,0.6304851770401001,0.5991685390472412,0.6331932544708252,0.5727579593658447,0.6313546895980835,0.6140964031219482,0.6312096118927002,0.6152580976486206,0.6565712690353394,0.6032851934432983,0.6588040590286255,0.5783356428146362,0.6530032753944397,0.6295029520988464,0.6531590819358826,0.6252573728561401,0.6797647476196289,0.6097120642662048,0.6830748915672302,0.5890394449234009,0.6746816039085388,0.6350002288818359,0.6748414039611816,0.6335651278495789,0.7043905854225159,0.6165367960929871,0.7060189247131348,0.595544695854187,0.6983098983764648,0.6285735964775085,0.6984049677848816,0.6349717378616333,decrease_brightness
0.7617742419242859,0.6218863725662231,0.7100408673286438,0.6127299666404724,0.6623772382736206,0.5585922002792358,0.6448289752006531,0.4903031587600708,0.6625922322273254,0.44807565212249756,0.6860396265983582,0.5014613270759583,0.6823002099990845,0.4698983132839203,0.6895355582237244,0.5193467140197754,0.6902411580085754,0.5211095809936523,0.7193086743354797,0.49616873264312744,0.7146285176277161,0.46631920337677,0.7193270921707153,0.5291218757629395,0.7192608118057251,0.5250412821769714,0.7490914463996887,0.4945819079875946,0.7464988231658936,0.46887460350990295,0.7468499541282654,0.5261979103088379,0.7474845051765442,0.5245693922042847,0.7805129885673523,0.49349915981292725,0.7766443490982056,0.46743619441986084,0.7746423482894897,0.5090025663375854,0.7765853404998779,0.5168685913085938,decrease_brightness
0.34676963090896606,0.7889190316200256,0.39715322852134705,0.7530335783958435,0.4190092980861664,0.6814442873001099,0.39736735820770264,0.617308497428894,0.36464735865592957,0.5749762654304504,0.41076552867889404,0.5710641741752625,0.4385170340538025,0.48937612771987915,0.45043954253196716,0.43769603967666626,0.4569043219089508,0.3943358063697815,0.3728817105293274,0.5655885934829712,0.3615902364253998,0.46668848395347595,0.35252484679222107,0.4080602526664734,0.3428274989128113,0.36292290687561035,0.34099647402763367,0.5877514481544495,0.33137375116348267,0.5131236910820007,0.35075393319129944,0.5504873394966125,0.36225709319114685,0.5887545943260193,0.31543615460395813,0.6259588003158569,0.3230140209197998,0.5836567878723145,0.34423625469207764,0.6123002171516418,0.3574872314929962,0.6453819274902344,play_pause
0.3486827313899994,0.7695862054824829,0.40306463837623596,0.7324566841125488,0.4286612868309021,0.6539727449417114,0.3968505263328552,0.5774931907653809,0.35513830184936523,0.5220996737480164,0.4280640482902527,0.511343240737915,0.4608828127384186,0.4184940457344055,0.47826477885246277,0.3589961528778076,0.4902878701686859,0.3074585199356079,0.38150855898857117,0.500898540019989,0.36789634823799133,0.38599589467048645,0.35729360580444336,0.3153950572013855,0.34624189138412476,0.25565484166145325,0.34225642681121826,0.5268275737762451,0.33048632740974426,0.45575857162475586,0.34961065649986267,0.5148522853851318,0.3609611690044403,0.5630836486816406,0.3104526996612549,0.5733528733253479,0.3133540749549866,0.527135968208313,0.33601492643356323,0.5675426721572876,0.3520573675632477,0.6076688766479492,play_pause
0.38203245401382446,0.7154964208602905,0.4381684958934784,0.6926984190940857,0.4748416543006897,0.6242408156394958,0.46953001618385315,0.5442044734954834,0.4438777267932892,0.477020263671875,0.4975401759147644,0.4968850612640381,0.5457542538642883,0.4175755977630615,0.5716484189033508,0.36621880531311035,0.5905442237854004,0.3185117840766907,0.4576171338558197,0.4709249436855316,0.46915027499198914,0.35600900650024414,0.47418954968452454,0.2862340807914734,0.4756401777267456,0.22457018494606018,0.416178822517395,0.47953733801841736,0.4196261465549469,0.4015401601791382,0.4292590618133545,0.46538597345352173,0.4330076575279236,0.5170425772666931,0.378143846988678,0.5090980529785156,0.39235401153564453,0.46791720390319824,0.40872180461883545,0.5132445693016052,0.4173954427242279,0.5571321249008179,play_pause
0.2532004415988922,0.6472219824790955,0.2962774634361267,0.5896106958389282,0.3014141619205475,0.5080942511558533,0.2652159631252289,0.4352112412452698,0.22135961055755615,0.39064162969589233,0.3047722578048706,0.4024963080883026,0.3284012973308563,0.31196945905685425,0.3399618864059448,0.25804269313812256,0.34596168994903564,0.21073812246322632,0.260332852602005,0.39553380012512207,0.24161288142204285,0.29768064618110657,0.22768017649650574,0.23956477642059326,0.21440111100673676,0.1891089379787445,0.22543740272521973,0.4199844300746918,0.2026403248310089,0.3580645024776459,0.2219865918159485,0.4020822048187256,0.23691080510616302,0.4417869746685028,0.19699865579605103,0.46071532368659973,0.1837841123342514,0.41059601306915283,0.20187677443027496,0.4336867928504944,0.221838116645813,0.4633159935474396,play_pause
0.22184833884239197,0.9341064691543579,0.2632368206977844,0.8988708257675171,0.2695631682872772,0.8254185318946838,0.21490873396396637,0.7634431719779968,0.15768547356128693,0.7119451761245728,0.2705628275871277,0.6467240452766418,0.29594770073890686,0.5343380570411682,0.30947399139404297,0.4614352583885193,0.3180740475654602,0.400255411863327,0.21571803092956543,0.6425343751907349,0.19182150065898895,0.5168379545211792,0.1739577353000641,0.44006699323654175,0.15740476548671722,0.37375470995903015,0.17435887455940247,0.6775039434432983,0.13999693095684052,0.6181519031524658,0.15553364157676697,0.680748462677002,0.1693214476108551,0.7318922877311707,0.1465824693441391,0.7320696711540222,0.13003259897232056,0.7018414735794067,0.15239688754081726,0.7499507069587708,0.17475204169750214,0.7919175028800964,play_pause
0.3740098774433136,0.8251728415489197,0.4280601441860199,0.8107818365097046,0.4639591574668884,0.746281623840332,0.45304834842681885,0.6778744459152222,0.42392218112945557,0.6266135573387146,0.4807531237602234,0.6216307282447815,0.5239312052726746,0.5457577109336853,0.5471504926681519,0.49614137411117554,0.5631256103515625,0.4522271752357483,0.4429733157157898,0.6011942625045776,0.45923084020614624,0.4926674962043762,0.47028475999832153,0.42996102571487427,0.4762040972709656,0.3780707120895386,0.40412604808807373,0.6121740341186523,0.40911370515823364,0.5488120317459106,0.41830939054489136,0.6099958419799805,0.4202547073364258,0.6580920815467834,0.3687770366668701,0.6425055861473083,0.38397452235221863,0.6217581033706665,0.3997795581817627,0.6677150726318359,0.40686166286468506,0.7065998315811157,play_pause
0.49821770191192627,0.6658697128295898,0.5656823515892029,0.6451975703239441,0.6169317960739136,0.5726526379585266,0.6351615190505981,0.5002608299255371,0.613030195236206,0.43681252002716064,0.6079316139221191,0.44679006934165955,0.6516028046607971,0.3597125709056854,0.6748313307762146,0.309429407119751,0.6892421245574951,0.2592121660709381,0.5688368082046509,0.42126375436782837,0.5773627161979675,0.2852155864238739,0.583774983882904,0.21253444254398346,0.583247721195221,0.15063700079917908,0.5303090810775757,0.4306790828704834,0.554391086101532,0.3379860818386078,0.5807755589485168,0.4141468107700348,0.5922502875328064,0.474790096282959,0.4960807263851166,0.4623172879219055,0.5405681133270264,0.42238783836364746,0.5723873972892761,0.47541165351867676,0.5884878635406494,0.5266419053077698,play_pause
0.4197736978530884,0.9028064012527466,0.4907737076282501,0.857633113861084,0.5251078009605408,0.7735941410064697,0.494052529335022,0.7250716090202332,0.44495898485183716,0.6764236688613892,0.5054749250411987,0.556908369064331,0.5326924324035645,0.4220149517059326,0.5494296550750732,0.33831682801246643,0.5558794140815735,0.26123836636543274,0.439110666513443,0.5563313364982605,0.40669307112693787,0.3964776396751404,0.3835335969924927,0.29506218433380127,0.3589438796043396,0.20873954892158508,0.38799259066581726,0.6008647084236145,0.37338006496429443,0.5119311809539795,0.4092799425125122,0.6020130515098572,0.43183809518814087,0.671858012676239,0.35475683212280273,0.6741049885749817,0.3760407567024231,0.6679808497428894,0.4158940315246582,0.7383367419242859,0.4435233175754547,0.7925896644592285,play_pause
0.4740896224975586,0.8892107009887695,0.5398105382919312,0.8613913655281067,0.5864821672439575,0.7982599139213562,0.581832230091095,0.7417759895324707,0.5436221361160278,0.6918892860412598,0.5629420280456543,0.6101313233375549,0.5895044207572937,0.5049530267715454,0.6028956174850464,0.43974006175994873,0.6108726859092712,0.37977537512779236,0.5100002288818359,0.6053454279899597,0.49122777581214905,0.473982572555542,0.47909942269325256,0.39529654383659363,0.4657523036003113,0.330108642578125,0.4652750492095947,0.6373994946479797,0.4776545464992523,0.5628261566162109,0.5115062594413757,0.6383352279663086,0.5298555493354797,0.6986056566238403,0.431718111038208,0.6932692527770996,0.4674561023712158,0.6755210161209106,0.5034072399139404,0.7305957078933716,0.5246813893318176,0.7779132723808289,play_pause
0.6469284892082214,0.8884590268135071,0.7078648805618286,0.8643594980239868,0.7513178586959839,0.8052812218666077,0.7649590969085693,0.7483744621276855,0.738074779510498,0.7042148113250732,0.7401204705238342,0.6591148972511292,0.7782723307609558,0.5710596442222595,0.7975659966468811,0.5181114673614502,0.8096098899841309,0.4680872857570648,0.6980255246162415,0.6453452706336975,0.6938939690589905,0.5211537480354309,0.6922934651374817,0.450758159160614,0.6865466833114624,0.3935343027114868,0.660804271697998,0.6646606922149658,0.6775652170181274,0.5987334251403809,0.7094053030014038,0.660179615020752,0.7260752320289612,0.7110016345977783,0.6323131918907166,0.7043147087097168,0.669202983379364,0.6893089413642883,0.6995242238044739,0.7343738079071045,0.7169297933578491,0.7748569846153259,play_pause
0.6485627293586731,0.7680954933166504,0.7115224003791809,0.7473839521408081,0.7620993852615356,0.680012583732605,0.7852880358695984,0.6110594868659973,0.7653911113739014,0.5523320436477661,0.7481536865234375,0.556533694267273,0.7901948690414429,0.46433043479919434,0.8104867339134216,0.41022440791130066,0.8234215378761292,0.3589603006839752,0.7086107134819031,0.5374889969825745,0.7088150382041931,0.4003841280937195,0.7119500041007996,0.3273993134498596,0.7093901634216309,0.26732268929481506,0.6728658080101013,0.5502249002456665,0.6959119439125061,0.46310925483703613,0.7299245595932007,0.5223143100738525,0.7454535365104675,0.5725857615470886,0.6445452570915222,0.5813133716583252,0.6934238076210022,0.5487958192825317,0.7279197573661804,0.5955977439880371,0.7443042993545532,0.6402991414070129,play_pause
0.295812726020813,0.8245443105697632,0.32755276560783386,0.7995808720588684,0.33507317304611206,0.7547652721405029,0.31799599528312683,0.722428023815155,0.29237908124923706,0.6984114050865173,0.32722723484039307,0.6528105735778809,0.3403541147708893,0.5871753096580505,0.34826016426086426,0.5462695360183716,0.351811021566391,0.5110263228416443,0.2975325882434845,0.6560317873954773,0.2794516980648041,0.5843751430511475,0.267048716545105,0.5396385192871094,0.254443496465683,0.5001804232597351,0.27511176466941833,0.6802523136138916,0.26204657554626465,0.6477457284927368,0.27853909134864807,0.6799755692481995,0.2905278205871582,0.7055266499519348,0.2613735496997833,0.7159402370452881,0.26383575797080994,0.7081841230392456,0.2813955843448639,0.7311248779296875,0.2956254482269287,0.7498789429664612,play_pause
0.18585525453090668,0.8525862693786621,0.22950714826583862,0.8112111687660217,0.23769919574260712,0.7334272265434265,0.19782406091690063,0.6658146977424622,0.15785706043243408,0.6119931936264038,0.252257376909256,0.5995360016822815,0.2803039252758026,0.5053295493125916,0.29693466424942017,0.4459819793701172,0.308363676071167,0.39531639218330383,0.2056759148836136,0.5907637476921082,0.19552046060562134,0.48153913021087646,0.18822728097438812,0.414669007062912,0.18095244467258453,0.35542938113212585,0.16657689213752747,0.6148533821105957,0.1451897770166397,0.5566153526306152,0.15803466737270355,0.6117313504219055,0.16788101196289062,0.6544564366340637,0.1360589861869812,0.6557849645614624,0.1269083172082901,0.6144777536392212,0.1431894600391388,0.6544422507286072,0.1583726704120636,0.689435601234436,play_pause
